genotype,mean_peak,sem_peak,n
wt,61.604256766370966,9.989680157375624,15
dr206,68.82872077460088,6.616356523177638,15
dr206 dr180,81.04461767328665,5.849668392079059,16
